Timestamp,Time,,,,Kp,Ap,,even_index
2023 01 01,0,1.5,33238,33238.0625,2.333,9,1,TRUE
2023 01 01,6,7.5,33238.25,33238.3125,2,7,1,TRUE
2023 01 01,12,13.5,33238.5,33238.5625,1.667,6,1,TRUE
2023 01 01,18,19.5,33238.75,33238.8125,3.667,22,1,TRUE
2023 01 02,0,1.5,33239,33239.0625,2,7,1,TRUE
2023 01 02,6,7.5,33239.25,33239.3125,1,4,1,TRUE
2023 01 02,12,13.5,33239.5,33239.5625,1.333,5,1,TRUE
2023 01 02,18,19.5,33239.75,33239.8125,2,7,1,TRUE
2023 01 03,0,1.5,33240,33240.0625,1.333,5,1,TRUE
2023 01 03,6,7.5,33240.25,33240.3125,0.667,3,1,TRUE
2023 01 03,12,13.5,33240.5,33240.5625,1,4,1,TRUE
2023 01 03,18,19.5,33240.75,33240.8125,2.333,9,1,TRUE
2023 01 04,0,1.5,33241,33241.0625,4,27,1,TRUE
2023 01 04,6,7.5,33241.25,33241.3125,4.333,32,1,TRUE
2023 01 04,12,13.5,33241.5,33241.5625,3.333,18,1,TRUE
2023 01 04,18,19.5,33241.75,33241.8125,1.667,6,1,TRUE
2023 01 05,0,1.5,33242,33242.0625,0.333,2,1,TRUE
2023 01 05,6,7.5,33242.25,33242.3125,1,4,1,TRUE
2023 01 05,12,13.5,33242.5,33242.5625,2.667,12,1,TRUE
2023 01 05,18,19.5,33242.75,33242.8125,2.667,12,1,TRUE
2023 01 06,0,1.5,33243,33243.0625,1,4,1,TRUE
2023 01 06,6,7.5,33243.25,33243.3125,0.333,2,1,TRUE
2023 01 06,12,13.5,33243.5,33243.5625,1,4,1,TRUE
2023 01 06,18,19.5,33243.75,33243.8125,1.333,5,1,TRUE
2023 01 07,0,1.5,33244,33244.0625,1,4,1,TRUE
2023 01 07,6,7.5,33244.25,33244.3125,1,4,1,TRUE
2023 01 07,12,13.5,33244.5,33244.5625,0.333,2,1,TRUE
2023 01 07,18,19.5,33244.75,33244.8125,2.333,9,1,TRUE
2023 01 08,0,1.5,33245,33245.0625,2,7,1,TRUE
2023 01 08,6,7.5,33245.25,33245.3125,2,7,1,TRUE
2023 01 08,12,13.5,33245.5,33245.5625,3,15,1,TRUE
2023 01 08,18,19.5,33245.75,33245.8125,1,4,1,TRUE
2023 01 09,0,1.5,33246,33246.0625,1.667,6,1,TRUE
2023 01 09,6,7.5,33246.25,33246.3125,0.333,2,1,TRUE
2023 01 09,12,13.5,33246.5,33246.5625,0.667,3,1,TRUE
2023 01 09,18,19.5,33246.75,33246.8125,2,7,1,TRUE
2023 01 10,0,1.5,33247,33247.0625,0.667,3,1,TRUE
2023 01 10,6,7.5,33247.25,33247.3125,0.667,3,1,TRUE
2023 01 10,12,13.5,33247.5,33247.5625,2,7,1,TRUE
2023 01 10,18,19.5,33247.75,33247.8125,1.667,6,1,TRUE
2023 01 11,0,1.5,33248,33248.0625,1.667,6,1,TRUE
2023 01 11,6,7.5,33248.25,33248.3125,1.667,6,1,TRUE
2023 01 11,12,13.5,33248.5,33248.5625,1,4,1,TRUE
2023 01 11,18,19.5,33248.75,33248.8125,2.333,9,1,TRUE
2023 01 12,0,1.5,33249,33249.0625,3,15,1,TRUE
2023 01 12,6,7.5,33249.25,33249.3125,2,7,1,TRUE
2023 01 12,12,13.5,33249.5,33249.5625,2,7,1,TRUE
2023 01 12,18,19.5,33249.75,33249.8125,1.667,6,1,TRUE
2023 01 13,0,1.5,33250,33250.0625,2.333,9,1,TRUE
2023 01 13,6,7.5,33250.25,33250.3125,2,7,1,TRUE
2023 01 13,12,13.5,33250.5,33250.5625,2.333,9,1,TRUE
2023 01 13,18,19.5,33250.75,33250.8125,3.333,18,1,TRUE
2023 01 14,0,1.5,33251,33251.0625,3,15,1,TRUE
2023 01 14,6,7.5,33251.25,33251.3125,2.333,9,1,TRUE
2023 01 14,12,13.5,33251.5,33251.5625,0.667,3,1,TRUE
2023 01 14,18,19.5,33251.75,33251.8125,1.667,6,1,TRUE
2023 01 15,0,1.5,33252,33252.0625,4.667,39,1,TRUE
2023 01 15,6,7.5,33252.25,33252.3125,3.667,22,1,TRUE
2023 01 15,12,13.5,33252.5,33252.5625,3.667,22,1,TRUE
2023 01 15,18,19.5,33252.75,33252.8125,4,27,1,TRUE
2023 01 16,0,1.5,33253,33253.0625,4,27,1,TRUE
2023 01 16,6,7.5,33253.25,33253.3125,3,15,1,TRUE
2023 01 16,12,13.5,33253.5,33253.5625,3.333,18,1,TRUE
2023 01 16,18,19.5,33253.75,33253.8125,1.667,6,1,TRUE
2023 01 17,0,1.5,33254,33254.0625,0,0,1,TRUE
2023 01 17,6,7.5,33254.25,33254.3125,1.667,6,1,TRUE
2023 01 17,12,13.5,33254.5,33254.5625,1,4,1,TRUE
2023 01 17,18,19.5,33254.75,33254.8125,0,0,1,TRUE
2023 01 18,0,1.5,33255,33255.0625,4,27,1,TRUE
2023 01 18,6,7.5,33255.25,33255.3125,3.333,18,1,TRUE
2023 01 18,12,13.5,33255.5,33255.5625,2.667,12,1,TRUE
2023 01 18,18,19.5,33255.75,33255.8125,1.667,6,1,TRUE
2023 01 19,0,1.5,33256,33256.0625,0,0,1,TRUE
2023 01 19,6,7.5,33256.25,33256.3125,2.667,12,1,TRUE
2023 01 19,12,13.5,33256.5,33256.5625,2.333,9,1,TRUE
2023 01 19,18,19.5,33256.75,33256.8125,0.667,3,1,TRUE
2023 01 20,0,1.5,33257,33257.0625,1,4,1,TRUE
2023 01 20,6,7.5,33257.25,33257.3125,0,0,1,TRUE
2023 01 20,12,13.5,33257.5,33257.5625,1.667,6,1,TRUE
2023 01 20,18,19.5,33257.75,33257.8125,1.333,5,1,TRUE
2023 01 21,0,1.5,33258,33258.0625,2.333,9,1,TRUE
2023 01 21,6,7.5,33258.25,33258.3125,4,27,1,TRUE
2023 01 21,12,13.5,33258.5,33258.5625,2.333,9,1,TRUE
2023 01 21,18,19.5,33258.75,33258.8125,3.333,18,1,TRUE
2023 01 22,0,1.5,33259,33259.0625,2,7,1,TRUE
2023 01 22,6,7.5,33259.25,33259.3125,2.333,9,1,TRUE
2023 01 22,12,13.5,33259.5,33259.5625,2,7,1,TRUE
2023 01 22,18,19.5,33259.75,33259.8125,3.333,18,1,TRUE
2023 01 23,0,1.5,33260,33260.0625,0.333,2,1,TRUE
2023 01 23,6,7.5,33260.25,33260.3125,1,4,1,TRUE
2023 01 23,12,13.5,33260.5,33260.5625,3,15,1,TRUE
2023 01 23,18,19.5,33260.75,33260.8125,1.333,5,1,TRUE
2023 01 24,0,1.5,33261,33261.0625,1,4,1,TRUE
2023 01 24,6,7.5,33261.25,33261.3125,0.667,3,1,TRUE
2023 01 24,12,13.5,33261.5,33261.5625,1.333,5,1,TRUE
2023 01 24,18,19.5,33261.75,33261.8125,0.667,3,1,TRUE
2023 01 25,0,1.5,33262,33262.0625,0,0,1,TRUE
2023 01 25,6,7.5,33262.25,33262.3125,0.333,2,1,TRUE
2023 01 25,12,13.5,33262.5,33262.5625,3,15,1,TRUE
2023 01 25,18,19.5,33262.75,33262.8125,1.667,6,1,TRUE
2023 01 26,0,1.5,33263,33263.0625,1,4,1,TRUE
2023 01 26,6,7.5,33263.25,33263.3125,2.667,12,1,TRUE
2023 01 26,12,13.5,33263.5,33263.5625,2.667,12,1,TRUE
2023 01 26,18,19.5,33263.75,33263.8125,2.667,12,1,TRUE
2023 01 27,0,1.5,33264,33264.0625,0.667,3,1,TRUE
2023 01 27,6,7.5,33264.25,33264.3125,1.667,6,1,TRUE
2023 01 27,12,13.5,33264.5,33264.5625,2.667,12,1,TRUE
2023 01 27,18,19.5,33264.75,33264.8125,1.667,6,1,TRUE
2023 01 28,0,1.5,33265,33265.0625,3,15,1,TRUE
2023 01 28,6,7.5,33265.25,33265.3125,2,7,1,TRUE
2023 01 28,12,13.5,33265.5,33265.5625,2.667,12,1,TRUE
2023 01 28,18,19.5,33265.75,33265.8125,2.667,12,1,TRUE
2023 01 29,0,1.5,33266,33266.0625,0,0,1,TRUE
2023 01 29,6,7.5,33266.25,33266.3125,2,7,1,TRUE
2023 01 29,12,13.5,33266.5,33266.5625,1,4,1,TRUE
2023 01 29,18,19.5,33266.75,33266.8125,0.667,3,1,TRUE
2023 01 30,0,1.5,33267,33267.0625,1,4,1,TRUE
2023 01 30,6,7.5,33267.25,33267.3125,0.667,3,1,TRUE
2023 01 30,12,13.5,33267.5,33267.5625,0.667,3,1,TRUE
2023 01 30,18,19.5,33267.75,33267.8125,1,4,1,TRUE
2023 01 31,0,1.5,33268,33268.0625,0,0,1,TRUE
2023 01 31,6,7.5,33268.25,33268.3125,2.667,12,1,TRUE
2023 01 31,12,13.5,33268.5,33268.5625,1,4,1,TRUE
2023 01 31,18,19.5,33268.75,33268.8125,2.333,9,1,TRUE
2023 02 01,0,1.5,33269,33269.0625,1,4,1,TRUE
2023 02 01,6,7.5,33269.25,33269.3125,0.333,2,1,TRUE
2023 02 01,12,13.5,33269.5,33269.5625,1,4,1,TRUE
2023 02 01,18,19.5,33269.75,33269.8125,2.667,12,1,TRUE
2023 02 02,0,1.5,33270,33270.0625,3.333,18,1,TRUE
2023 02 02,6,7.5,33270.25,33270.3125,0.333,2,1,TRUE
2023 02 02,12,13.5,33270.5,33270.5625,0.333,2,1,TRUE
2023 02 02,18,19.5,33270.75,33270.8125,0.333,2,1,TRUE
2023 02 03,0,1.5,33271,33271.0625,2,7,1,TRUE
2023 02 03,6,7.5,33271.25,33271.3125,0.333,2,1,TRUE
2023 02 03,12,13.5,33271.5,33271.5625,1.667,6,1,TRUE
2023 02 03,18,19.5,33271.75,33271.8125,2.667,12,1,TRUE
2023 02 04,0,1.5,33272,33272.0625,2.667,12,1,TRUE
2023 02 04,6,7.5,33272.25,33272.3125,0.667,3,1,TRUE
2023 02 04,12,13.5,33272.5,33272.5625,1,4,1,TRUE
2023 02 04,18,19.5,33272.75,33272.8125,0,0,1,TRUE
2023 02 05,0,1.5,33273,33273.0625,0.333,2,1,TRUE
2023 02 05,6,7.5,33273.25,33273.3125,0.333,2,1,TRUE
2023 02 05,12,13.5,33273.5,33273.5625,1,4,1,TRUE
2023 02 05,18,19.5,33273.75,33273.8125,1.667,6,1,TRUE
2023 02 06,0,1.5,33274,33274.0625,3,15,1,TRUE
2023 02 06,6,7.5,33274.25,33274.3125,2.667,12,1,TRUE
2023 02 06,12,13.5,33274.5,33274.5625,2.667,12,1,TRUE
2023 02 06,18,19.5,33274.75,33274.8125,3.667,22,1,TRUE
2023 02 07,0,1.5,33275,33275.0625,4,27,1,TRUE
2023 02 07,6,7.5,33275.25,33275.3125,3.333,18,1,TRUE
2023 02 07,12,13.5,33275.5,33275.5625,3,15,1,TRUE
2023 02 07,18,19.5,33275.75,33275.8125,2.667,12,1,TRUE
2023 02 08,0,1.5,33276,33276.0625,3,15,1,TRUE
2023 02 08,6,7.5,33276.25,33276.3125,3,15,1,TRUE
2023 02 08,12,13.5,33276.5,33276.5625,3.333,18,1,TRUE
2023 02 08,18,19.5,33276.75,33276.8125,3.333,18,1,TRUE
2023 02 09,0,1.5,33277,33277.0625,3,15,1,TRUE
2023 02 09,6,7.5,33277.25,33277.3125,2.667,12,1,TRUE
2023 02 09,12,13.5,33277.5,33277.5625,2.333,9,1,TRUE
2023 02 09,18,19.5,33277.75,33277.8125,3.333,18,1,TRUE
2023 02 10,0,1.5,33278,33278.0625,4,27,1,TRUE
2023 02 10,6,7.5,33278.25,33278.3125,2.333,9,1,TRUE
2023 02 10,12,13.5,33278.5,33278.5625,3,15,1,TRUE
2023 02 10,18,19.5,33278.75,33278.8125,3.333,18,1,TRUE
2023 02 11,0,1.5,33279,33279.0625,3.333,18,1,TRUE
2023 02 11,6,7.5,33279.25,33279.3125,2,7,1,TRUE
2023 02 11,12,13.5,33279.5,33279.5625,2.333,9,1,TRUE
2023 02 11,18,19.5,33279.75,33279.8125,1,4,1,TRUE
2023 02 12,0,1.5,33280,33280.0625,1.667,6,1,TRUE
2023 02 12,6,7.5,33280.25,33280.3125,1.667,6,1,TRUE
2023 02 12,12,13.5,33280.5,33280.5625,1.667,6,1,TRUE
2023 02 12,18,19.5,33280.75,33280.8125,2.333,9,1,TRUE
2023 02 13,0,1.5,33281,33281.0625,0.667,3,1,TRUE
2023 02 13,6,7.5,33281.25,33281.3125,0.667,3,1,TRUE
2023 02 13,12,13.5,33281.5,33281.5625,2,7,1,TRUE
2023 02 13,18,19.5,33281.75,33281.8125,1.333,5,1,TRUE
2023 02 14,0,1.5,33282,33282.0625,2,7,1,TRUE
2023 02 14,6,7.5,33282.25,33282.3125,2.333,9,1,TRUE
2023 02 14,12,13.5,33282.5,33282.5625,1,4,1,TRUE
2023 02 14,18,19.5,33282.75,33282.8125,0.667,3,1,TRUE
2023 02 15,0,1.5,33283,33283.0625,2.667,12,1,TRUE
2023 02 15,6,7.5,33283.25,33283.3125,5.333,56,1,TRUE
2023 02 15,12,13.5,33283.5,33283.5625,3.333,18,1,TRUE
2023 02 15,18,19.5,33283.75,33283.8125,3.333,18,1,TRUE
2023 02 16,0,1.5,33284,33284.0625,3,15,1,TRUE
2023 02 16,6,7.5,33284.25,33284.3125,5,48,1,TRUE
2023 02 16,12,13.5,33284.5,33284.5625,4.333,32,1,TRUE
2023 02 16,18,19.5,33284.75,33284.8125,1.333,5,1,TRUE
2023 02 17,0,1.5,33285,33285.0625,1.667,6,1,TRUE
2023 02 17,6,7.5,33285.25,33285.3125,2,7,1,TRUE
2023 02 17,12,13.5,33285.5,33285.5625,1.333,5,1,TRUE
2023 02 17,18,19.5,33285.75,33285.8125,1,4,1,TRUE
2023 02 18,0,1.5,33286,33286.0625,1,4,1,TRUE
2023 02 18,6,7.5,33286.25,33286.3125,0.667,3,1,TRUE
2023 02 18,12,13.5,33286.5,33286.5625,2,7,1,TRUE
2023 02 18,18,19.5,33286.75,33286.8125,2.333,9,1,TRUE
2023 02 19,0,1.5,33287,33287.0625,2.667,12,1,TRUE
2023 02 19,6,7.5,33287.25,33287.3125,1.333,5,1,TRUE
2023 02 19,12,13.5,33287.5,33287.5625,2,7,1,TRUE
2023 02 19,18,19.5,33287.75,33287.8125,1.333,5,1,TRUE
2023 02 20,0,1.5,33288,33288.0625,0.667,3,1,TRUE
2023 02 20,6,7.5,33288.25,33288.3125,1.667,6,1,TRUE
2023 02 20,12,13.5,33288.5,33288.5625,2.333,9,1,TRUE
2023 02 20,18,19.5,33288.75,33288.8125,2.333,9,1,TRUE
2023 02 21,0,1.5,33289,33289.0625,3,15,1,TRUE
2023 02 21,6,7.5,33289.25,33289.3125,3.333,18,1,TRUE
2023 02 21,12,13.5,33289.5,33289.5625,3.667,22,1,TRUE
2023 02 21,18,19.5,33289.75,33289.8125,1,4,1,TRUE
2023 02 22,0,1.5,33290,33290.0625,1.333,5,1,TRUE
2023 02 22,6,7.5,33290.25,33290.3125,1.333,5,1,TRUE
2023 02 22,12,13.5,33290.5,33290.5625,2,7,1,TRUE
2023 02 22,18,19.5,33290.75,33290.8125,2,7,1,TRUE
2023 02 23,0,1.5,33291,33291.0625,4.333,32,1,TRUE
2023 02 23,6,7.5,33291.25,33291.3125,3,15,1,TRUE
2023 02 23,12,13.5,33291.5,33291.5625,2.667,12,1,TRUE
2023 02 23,18,19.5,33291.75,33291.8125,3.333,18,1,TRUE
2023 02 24,0,1.5,33292,33292.0625,2.333,9,1,TRUE
2023 02 24,6,7.5,33292.25,33292.3125,2,7,1,TRUE
2023 02 24,12,13.5,33292.5,33292.5625,1.667,6,1,TRUE
2023 02 24,18,19.5,33292.75,33292.8125,0,0,1,TRUE
2023 02 25,0,1.5,33293,33293.0625,0.667,3,1,TRUE
2023 02 25,6,7.5,33293.25,33293.3125,1.667,6,1,TRUE
2023 02 25,12,13.5,33293.5,33293.5625,2,7,1,TRUE
2023 02 25,18,19.5,33293.75,33293.8125,3,15,1,TRUE
2023 02 26,0,1.5,33294,33294.0625,3.333,18,1,TRUE
2023 02 26,6,7.5,33294.25,33294.3125,3,15,1,TRUE
2023 02 26,12,13.5,33294.5,33294.5625,3,15,1,TRUE
2023 02 26,18,19.5,33294.75,33294.8125,5,48,1,TRUE
2023 02 27,0,1.5,33295,33295.0625,5,48,1,TRUE
2023 02 27,6,7.5,33295.25,33295.3125,6.667,111,1,TRUE
2023 02 27,12,13.5,33295.5,33295.5625,6.333,94,1,TRUE
2023 02 27,18,19.5,33295.75,33295.8125,6.333,94,1,TRUE
2023 02 28,0,1.5,33296,33296.0625,5.667,67,1,TRUE
2023 02 28,6,7.5,33296.25,33296.3125,3,15,1,TRUE
2023 02 28,12,13.5,33296.5,33296.5625,1.667,6,1,TRUE
2023 02 28,18,19.5,33296.75,33296.8125,4,27,1,TRUE
2023 03 01,0,1.5,33297,33297.0625,3,15,1,TRUE
2023 03 01,6,7.5,33297.25,33297.3125,1.333,5,1,TRUE
2023 03 01,12,13.5,33297.5,33297.5625,0.667,3,1,TRUE
2023 03 01,18,19.5,33297.75,33297.8125,2,7,1,TRUE
2023 03 02,0,1.5,33298,33298.0625,0.667,3,1,TRUE
2023 03 02,6,7.5,33298.25,33298.3125,2,7,1,TRUE
2023 03 02,12,13.5,33298.5,33298.5625,1.333,5,1,TRUE
2023 03 02,18,19.5,33298.75,33298.8125,2.667,12,1,TRUE
2023 03 03,0,1.5,33299,33299.0625,3.667,22,1,TRUE
2023 03 03,6,7.5,33299.25,33299.3125,3.333,18,1,TRUE
2023 03 03,12,13.5,33299.5,33299.5625,3.333,18,1,TRUE
2023 03 03,18,19.5,33299.75,33299.8125,4,27,1,TRUE
2023 03 04,0,1.5,33300,33300.0625,3.333,18,1,TRUE
2023 03 04,6,7.5,33300.25,33300.3125,3,15,1,TRUE
2023 03 04,12,13.5,33300.5,33300.5625,2,7,1,TRUE
2023 03 04,18,19.5,33300.75,33300.8125,3.333,18,1,TRUE
2023 03 05,0,1.5,33301,33301.0625,3.333,18,1,TRUE
2023 03 05,6,7.5,33301.25,33301.3125,3.667,22,1,TRUE
2023 03 05,12,13.5,33301.5,33301.5625,4,27,1,TRUE
2023 03 05,18,19.5,33301.75,33301.8125,4.333,32,1,TRUE
2023 03 06,0,1.5,33302,33302.0625,3.667,22,1,TRUE
2023 03 06,6,7.5,33302.25,33302.3125,2.667,12,1,TRUE
2023 03 06,12,13.5,33302.5,33302.5625,2.667,12,1,TRUE
2023 03 06,18,19.5,33302.75,33302.8125,2.667,12,1,TRUE
2023 03 07,0,1.5,33303,33303.0625,2.333,9,1,TRUE
2023 03 07,6,7.5,33303.25,33303.3125,3,15,1,TRUE
2023 03 07,12,13.5,33303.5,33303.5625,2,7,1,TRUE
2023 03 07,18,19.5,33303.75,33303.8125,1,4,1,TRUE
2023 03 08,0,1.5,33304,33304.0625,0.333,2,1,TRUE
2023 03 08,6,7.5,33304.25,33304.3125,2,7,1,TRUE
2023 03 08,12,13.5,33304.5,33304.5625,1.333,5,1,TRUE
2023 03 08,18,19.5,33304.75,33304.8125,3,15,1,TRUE
2023 03 09,0,1.5,33305,33305.0625,2,7,1,TRUE
2023 03 09,6,7.5,33305.25,33305.3125,4,27,1,TRUE
2023 03 09,12,13.5,33305.5,33305.5625,3,15,1,TRUE
2023 03 09,18,19.5,33305.75,33305.8125,2.333,9,1,TRUE
2023 03 10,0,1.5,33306,33306.0625,3.333,18,1,TRUE
2023 03 10,6,7.5,33306.25,33306.3125,1.667,6,1,TRUE
2023 03 10,12,13.5,33306.5,33306.5625,1,4,1,TRUE
2023 03 10,18,19.5,33306.75,33306.8125,2.333,9,1,TRUE
2023 03 11,0,1.5,33307,33307.0625,2.667,12,1,TRUE
2023 03 11,6,7.5,33307.25,33307.3125,1.333,5,1,TRUE
2023 03 11,12,13.5,33307.5,33307.5625,1,4,1,TRUE
2023 03 11,18,19.5,33307.75,33307.8125,1.333,5,1,TRUE
2023 03 12,0,1.5,33308,33308.0625,3,15,1,TRUE
2023 03 12,6,7.5,33308.25,33308.3125,3,15,1,TRUE
2023 03 12,12,13.5,33308.5,33308.5625,0.667,3,1,TRUE
2023 03 12,18,19.5,33308.75,33308.8125,0.667,3,1,TRUE
2023 03 13,0,1.5,33309,33309.0625,0.333,2,1,TRUE
2023 03 13,6,7.5,33309.25,33309.3125,0.333,2,1,TRUE
2023 03 13,12,13.5,33309.5,33309.5625,0.667,3,1,TRUE
2023 03 13,18,19.5,33309.75,33309.8125,0.667,3,1,TRUE
2023 03 14,0,1.5,33310,33310.0625,2.667,12,1,TRUE
2023 03 14,6,7.5,33310.25,33310.3125,3.333,18,1,TRUE
2023 03 14,12,13.5,33310.5,33310.5625,3.333,18,1,TRUE
2023 03 14,18,19.5,33310.75,33310.8125,2.667,12,1,TRUE
2023 03 15,0,1.5,33311,33311.0625,3.667,22,1,TRUE
2023 03 15,6,7.5,33311.25,33311.3125,4,27,1,TRUE
2023 03 15,12,13.5,33311.5,33311.5625,3,15,1,TRUE
2023 03 15,18,19.5,33311.75,33311.8125,2,7,1,TRUE
2023 03 16,0,1.5,33312,33312.0625,3.667,22,1,TRUE
2023 03 16,6,7.5,33312.25,33312.3125,0.667,3,1,TRUE
2023 03 16,12,13.5,33312.5,33312.5625,0,0,1,TRUE
2023 03 16,18,19.5,33312.75,33312.8125,0.667,3,1,TRUE
2023 03 17,0,1.5,33313,33313.0625,0.333,2,1,TRUE
2023 03 17,6,7.5,33313.25,33313.3125,1.667,6,1,TRUE
2023 03 17,12,13.5,33313.5,33313.5625,2.333,9,1,TRUE
2023 03 17,18,19.5,33313.75,33313.8125,0.333,2,1,TRUE
2023 03 18,0,1.5,33314,33314.0625,2,7,1,TRUE
2023 03 18,6,7.5,33314.25,33314.3125,2,7,1,TRUE
2023 03 18,12,13.5,33314.5,33314.5625,2.333,9,1,TRUE
2023 03 18,18,19.5,33314.75,33314.8125,2.333,9,1,TRUE
2023 03 19,0,1.5,33315,33315.0625,1.667,6,1,TRUE
2023 03 19,6,7.5,33315.25,33315.3125,2,7,1,TRUE
2023 03 19,12,13.5,33315.5,33315.5625,1.667,6,1,TRUE
2023 03 19,18,19.5,33315.75,33315.8125,3.333,18,1,TRUE
2023 03 20,0,1.5,33316,33316.0625,3,15,1,TRUE
2023 03 20,6,7.5,33316.25,33316.3125,0.333,2,1,TRUE
2023 03 20,12,13.5,33316.5,33316.5625,3.667,22,1,TRUE
2023 03 20,18,19.5,33316.75,33316.8125,1.333,5,1,TRUE
2023 03 21,0,1.5,33317,33317.0625,2.333,9,1,TRUE
2023 03 21,6,7.5,33317.25,33317.3125,1.667,6,1,TRUE
2023 03 21,12,13.5,33317.5,33317.5625,1,4,1,TRUE
2023 03 21,18,19.5,33317.75,33317.8125,1.333,5,1,TRUE
2023 03 22,0,1.5,33318,33318.0625,3.667,22,1,TRUE
2023 03 22,6,7.5,33318.25,33318.3125,3,15,1,TRUE
2023 03 22,12,13.5,33318.5,33318.5625,2.333,9,1,TRUE
2023 03 22,18,19.5,33318.75,33318.8125,3.333,18,1,TRUE
2023 03 23,0,1.5,33319,33319.0625,0.667,3,1,TRUE
2023 03 23,6,7.5,33319.25,33319.3125,3,15,1,TRUE
2023 03 23,12,13.5,33319.5,33319.5625,6.667,111,1,TRUE
2023 03 23,18,19.5,33319.75,33319.8125,6.333,94,1,TRUE
2023 03 24,0,1.5,33320,33320.0625,7.333,154,1,TRUE
2023 03 24,6,7.5,33320.25,33320.3125,6.333,94,1,TRUE
2023 03 24,12,13.5,33320.5,33320.5625,2.333,9,1,TRUE
2023 03 24,18,19.5,33320.75,33320.8125,4.667,39,1,TRUE
2023 03 25,0,1.5,33321,33321.0625,3,15,1,TRUE
2023 03 25,6,7.5,33321.25,33321.3125,3.667,22,1,TRUE
2023 03 25,12,13.5,33321.5,33321.5625,2.667,12,1,TRUE
2023 03 25,18,19.5,33321.75,33321.8125,2.667,12,1,TRUE
2023 03 26,0,1.5,33322,33322.0625,2.667,12,1,TRUE
2023 03 26,6,7.5,33322.25,33322.3125,1.667,6,1,TRUE
2023 03 26,12,13.5,33322.5,33322.5625,0.667,3,1,TRUE
2023 03 26,18,19.5,33322.75,33322.8125,2.667,12,1,TRUE
2023 03 27,0,1.5,33323,33323.0625,0.333,2,1,TRUE
2023 03 27,6,7.5,33323.25,33323.3125,0.333,2,1,TRUE
2023 03 27,12,13.5,33323.5,33323.5625,0.333,2,1,TRUE
2023 03 27,18,19.5,33323.75,33323.8125,1,4,1,TRUE
2023 03 28,0,1.5,33324,33324.0625,1.333,5,1,TRUE
2023 03 28,6,7.5,33324.25,33324.3125,0.333,2,1,TRUE
2023 03 28,12,13.5,33324.5,33324.5625,1.667,6,1,TRUE
2023 03 28,18,19.5,33324.75,33324.8125,0.667,3,1,TRUE
2023 03 29,0,1.5,33325,33325.0625,2,7,1,TRUE
2023 03 29,6,7.5,33325.25,33325.3125,0.667,3,1,TRUE
2023 03 29,12,13.5,33325.5,33325.5625,1.667,6,1,TRUE
2023 03 29,18,19.5,33325.75,33325.8125,1.333,5,1,TRUE
2023 03 30,0,1.5,33326,33326.0625,3,15,1,TRUE
2023 03 30,6,7.5,33326.25,33326.3125,2.333,9,1,TRUE
2023 03 30,12,13.5,33326.5,33326.5625,2.667,12,1,TRUE
2023 03 30,18,19.5,33326.75,33326.8125,5,48,1,TRUE
2023 03 31,0,1.5,33327,33327.0625,4,27,1,TRUE
2023 03 31,6,7.5,33327.25,33327.3125,3.333,18,1,TRUE
2023 03 31,12,13.5,33327.5,33327.5625,2.333,9,1,TRUE
2023 03 31,18,19.5,33327.75,33327.8125,3,15,1,TRUE
2023 04 01,0,1.5,33328,33328.0625,2,7,1,TRUE
2023 04 01,6,7.5,33328.25,33328.3125,1.667,6,1,TRUE
2023 04 01,12,13.5,33328.5,33328.5625,3.333,18,1,TRUE
2023 04 01,18,19.5,33328.75,33328.8125,2.667,12,1,TRUE
2023 04 02,0,1.5,33329,33329.0625,3.667,22,1,TRUE
2023 04 02,6,7.5,33329.25,33329.3125,2.667,12,1,TRUE
2023 04 02,12,13.5,33329.5,33329.5625,2.333,9,1,TRUE
2023 04 02,18,19.5,33329.75,33329.8125,2,7,1,TRUE
2023 04 03,0,1.5,33330,33330.0625,3.333,18,1,TRUE
2023 04 03,6,7.5,33330.25,33330.3125,1.333,5,1,TRUE
2023 04 03,12,13.5,33330.5,33330.5625,2.667,12,1,TRUE
2023 04 03,18,19.5,33330.75,33330.8125,3.667,22,1,TRUE
2023 04 04,0,1.5,33331,33331.0625,3.667,22,1,TRUE
2023 04 04,6,7.5,33331.25,33331.3125,2.333,9,1,TRUE
2023 04 04,12,13.5,33331.5,33331.5625,2,7,1,TRUE
2023 04 04,18,19.5,33331.75,33331.8125,2.667,12,1,TRUE
2023 04 05,0,1.5,33332,33332.0625,3,15,1,TRUE
2023 04 05,6,7.5,33332.25,33332.3125,1.667,6,1,TRUE
2023 04 05,12,13.5,33332.5,33332.5625,3,15,1,TRUE
2023 04 05,18,19.5,33332.75,33332.8125,2.667,12,1,TRUE
2023 04 06,0,1.5,33333,33333.0625,1.333,5,1,TRUE
2023 04 06,6,7.5,33333.25,33333.3125,1,4,1,TRUE
2023 04 06,12,13.5,33333.5,33333.5625,2,7,1,TRUE
2023 04 06,18,19.5,33333.75,33333.8125,3,15,1,TRUE
2023 04 07,0,1.5,33334,33334.0625,3,15,1,TRUE
2023 04 07,6,7.5,33334.25,33334.3125,1.667,6,1,TRUE
2023 04 07,12,13.5,33334.5,33334.5625,1.667,6,1,TRUE
2023 04 07,18,19.5,33334.75,33334.8125,1.333,5,1,TRUE
2023 04 08,0,1.5,33335,33335.0625,1,4,1,TRUE
2023 04 08,6,7.5,33335.25,33335.3125,1.667,6,1,TRUE
2023 04 08,12,13.5,33335.5,33335.5625,0.667,3,1,TRUE
2023 04 08,18,19.5,33335.75,33335.8125,0.333,2,1,TRUE
2023 04 09,0,1.5,33336,33336.0625,3,15,1,TRUE
2023 04 09,6,7.5,33336.25,33336.3125,0.667,3,1,TRUE
2023 04 09,12,13.5,33336.5,33336.5625,1,4,1,TRUE
2023 04 09,18,19.5,33336.75,33336.8125,1.333,5,1,TRUE
2023 04 10,0,1.5,33337,33337.0625,2.667,12,1,TRUE
2023 04 10,6,7.5,33337.25,33337.3125,3.333,18,1,TRUE
2023 04 10,12,13.5,33337.5,33337.5625,2.667,12,1,TRUE
2023 04 10,18,19.5,33337.75,33337.8125,1.333,5,1,TRUE
2023 04 11,0,1.5,33338,33338.0625,0.333,2,1,TRUE
2023 04 11,6,7.5,33338.25,33338.3125,2.333,9,1,TRUE
2023 04 11,12,13.5,33338.5,33338.5625,1,4,1,TRUE
2023 04 11,18,19.5,33338.75,33338.8125,1.667,6,1,TRUE
2023 04 12,0,1.5,33339,33339.0625,0,0,1,TRUE
2023 04 12,6,7.5,33339.25,33339.3125,1,4,1,TRUE
2023 04 12,12,13.5,33339.5,33339.5625,1.333,5,1,TRUE
2023 04 12,18,19.5,33339.75,33339.8125,0.333,2,1,TRUE
2023 04 13,0,1.5,33340,33340.0625,2.333,9,1,TRUE
2023 04 13,6,7.5,33340.25,33340.3125,0.333,2,1,TRUE
2023 04 13,12,13.5,33340.5,33340.5625,0.667,3,1,TRUE
2023 04 13,18,19.5,33340.75,33340.8125,1.667,6,1,TRUE
2023 04 14,0,1.5,33341,33341.0625,1.333,5,1,TRUE
2023 04 14,6,7.5,33341.25,33341.3125,1.333,5,1,TRUE
2023 04 14,12,13.5,33341.5,33341.5625,2.333,9,1,TRUE
2023 04 14,18,19.5,33341.75,33341.8125,0.667,3,1,TRUE
2023 04 15,0,1.5,33342,33342.0625,2.333,9,1,TRUE
2023 04 15,6,7.5,33342.25,33342.3125,2.333,9,1,TRUE
2023 04 15,12,13.5,33342.5,33342.5625,2,7,1,TRUE
2023 04 15,18,19.5,33342.75,33342.8125,1.333,5,1,TRUE
2023 04 16,0,1.5,33343,33343.0625,0.667,3,1,TRUE
2023 04 16,6,7.5,33343.25,33343.3125,1.667,6,1,TRUE
2023 04 16,12,13.5,33343.5,33343.5625,1,4,1,TRUE
2023 04 16,18,19.5,33343.75,33343.8125,1,4,1,TRUE
2023 04 17,0,1.5,33344,33344.0625,1.333,5,1,TRUE
2023 04 17,6,7.5,33344.25,33344.3125,1.333,5,1,TRUE
2023 04 17,12,13.5,33344.5,33344.5625,1,4,1,TRUE
2023 04 17,18,19.5,33344.75,33344.8125,0.333,2,1,TRUE
2023 04 18,0,1.5,33345,33345.0625,0.333,2,1,TRUE
2023 04 18,6,7.5,33345.25,33345.3125,0.333,2,1,TRUE
2023 04 18,12,13.5,33345.5,33345.5625,3.667,22,1,TRUE
2023 04 18,18,19.5,33345.75,33345.8125,3.667,22,1,TRUE
2023 04 19,0,1.5,33346,33346.0625,2.667,12,1,TRUE
2023 04 19,6,7.5,33346.25,33346.3125,1,4,1,TRUE
2023 04 19,12,13.5,33346.5,33346.5625,3.667,22,1,TRUE
2023 04 19,18,19.5,33346.75,33346.8125,1,4,1,TRUE
2023 04 20,0,1.5,33347,33347.0625,0.333,2,1,TRUE
2023 04 20,6,7.5,33347.25,33347.3125,0.667,3,1,TRUE
2023 04 20,12,13.5,33347.5,33347.5625,1.333,5,1,TRUE
2023 04 20,18,19.5,33347.75,33347.8125,1,4,1,TRUE
2023 04 21,0,1.5,33348,33348.0625,2,7,1,TRUE
2023 04 21,6,7.5,33348.25,33348.3125,1,4,1,TRUE
2023 04 21,12,13.5,33348.5,33348.5625,1.667,6,1,TRUE
2023 04 21,18,19.5,33348.75,33348.8125,3.333,18,1,TRUE
2023 04 22,0,1.5,33349,33349.0625,2.333,9,1,TRUE
2023 04 22,6,7.5,33349.25,33349.3125,1.333,5,1,TRUE
2023 04 22,12,13.5,33349.5,33349.5625,0.333,2,1,TRUE
2023 04 22,18,19.5,33349.75,33349.8125,1.333,5,1,TRUE
2023 04 23,0,1.5,33350,33350.0625,2.333,9,1,TRUE
2023 04 23,6,7.5,33350.25,33350.3125,1.333,5,1,TRUE
2023 04 23,12,13.5,33350.5,33350.5625,4.667,39,1,TRUE
2023 04 23,18,19.5,33350.75,33350.8125,8.333,236,1,TRUE
2023 04 24,0,1.5,33351,33351.0625,6.667,111,1,TRUE
2023 04 24,6,7.5,33351.25,33351.3125,7,132,1,TRUE
2023 04 24,12,13.5,33351.5,33351.5625,3.667,22,1,TRUE
2023 04 24,18,19.5,33351.75,33351.8125,2.333,9,1,TRUE
2023 04 25,0,1.5,33352,33352.0625,1.333,5,1,TRUE
2023 04 25,6,7.5,33352.25,33352.3125,0.333,2,1,TRUE
2023 04 25,12,13.5,33352.5,33352.5625,2.667,12,1,TRUE
2023 04 25,18,19.5,33352.75,33352.8125,3.333,18,1,TRUE
2023 04 26,0,1.5,33353,33353.0625,2.667,12,1,TRUE
2023 04 26,6,7.5,33353.25,33353.3125,2,7,1,TRUE
2023 04 26,12,13.5,33353.5,33353.5625,3.333,18,1,TRUE
2023 04 26,18,19.5,33353.75,33353.8125,3.333,18,1,TRUE
2023 04 27,0,1.5,33354,33354.0625,4.333,32,1,TRUE
2023 04 27,6,7.5,33354.25,33354.3125,3.333,18,1,TRUE
2023 04 27,12,13.5,33354.5,33354.5625,3.333,18,1,TRUE
2023 04 27,18,19.5,33354.75,33354.8125,2.667,12,1,TRUE
2023 04 28,0,1.5,33355,33355.0625,3.333,18,1,TRUE
2023 04 28,6,7.5,33355.25,33355.3125,2.667,12,1,TRUE
2023 04 28,12,13.5,33355.5,33355.5625,3.333,18,1,TRUE
2023 04 28,18,19.5,33355.75,33355.8125,3,15,1,TRUE
2023 04 29,0,1.5,33356,33356.0625,3.333,18,1,TRUE
2023 04 29,6,7.5,33356.25,33356.3125,3.333,18,1,TRUE
2023 04 29,12,13.5,33356.5,33356.5625,4,27,1,TRUE
2023 04 29,18,19.5,33356.75,33356.8125,3.333,18,1,TRUE
2023 04 30,0,1.5,33357,33357.0625,3,15,1,TRUE
2023 04 30,6,7.5,33357.25,33357.3125,3,15,1,TRUE
2023 04 30,12,13.5,33357.5,33357.5625,1.667,6,1,TRUE
2023 04 30,18,19.5,33357.75,33357.8125,0.667,3,1,TRUE
2023 05 01,0,1.5,33358,33358.0625,2.667,12,1,TRUE
2023 05 01,6,7.5,33358.25,33358.3125,2,7,1,TRUE
2023 05 01,12,13.5,33358.5,33358.5625,1.333,5,1,TRUE
2023 05 01,18,19.5,33358.75,33358.8125,2.667,12,1,TRUE
2023 05 02,0,1.5,33359,33359.0625,3.333,18,1,TRUE
2023 05 02,6,7.5,33359.25,33359.3125,1.667,6,1,TRUE
2023 05 02,12,13.5,33359.5,33359.5625,1,4,1,TRUE
2023 05 02,18,19.5,33359.75,33359.8125,1.667,6,1,TRUE
2023 05 03,0,1.5,33360,33360.0625,0,0,1,TRUE
2023 05 03,6,7.5,33360.25,33360.3125,0.333,2,1,TRUE
2023 05 03,12,13.5,33360.5,33360.5625,1,4,1,TRUE
2023 05 03,18,19.5,33360.75,33360.8125,0.667,3,1,TRUE
2023 05 04,0,1.5,33361,33361.0625,1.333,5,1,TRUE
2023 05 04,6,7.5,33361.25,33361.3125,1.667,6,1,TRUE
2023 05 04,12,13.5,33361.5,33361.5625,0.667,3,1,TRUE
2023 05 04,18,19.5,33361.75,33361.8125,1,4,1,TRUE
2023 05 05,0,1.5,33362,33362.0625,1.667,6,1,TRUE
2023 05 05,6,7.5,33362.25,33362.3125,0.667,3,1,TRUE
2023 05 05,12,13.5,33362.5,33362.5625,0.333,2,1,TRUE
2023 05 05,18,19.5,33362.75,33362.8125,0.667,3,1,TRUE
2023 05 06,0,1.5,33363,33363.0625,4.333,32,1,TRUE
2023 05 06,6,7.5,33363.25,33363.3125,3.333,18,1,TRUE
2023 05 06,12,13.5,33363.5,33363.5625,4.333,32,1,TRUE
2023 05 06,18,19.5,33363.75,33363.8125,3,15,1,TRUE
2023 05 07,0,1.5,33364,33364.0625,1,4,1,TRUE
2023 05 07,6,7.5,33364.25,33364.3125,2,7,1,TRUE
2023 05 07,12,13.5,33364.5,33364.5625,2.333,9,1,TRUE
2023 05 07,18,19.5,33364.75,33364.8125,2,7,1,TRUE
2023 05 08,0,1.5,33365,33365.0625,4.333,32,1,TRUE
2023 05 08,6,7.5,33365.25,33365.3125,1.333,5,1,TRUE
2023 05 08,12,13.5,33365.5,33365.5625,3.667,22,1,TRUE
2023 05 08,18,19.5,33365.75,33365.8125,2.333,9,1,TRUE
2023 05 09,0,1.5,33366,33366.0625,3.667,22,1,TRUE
2023 05 09,6,7.5,33366.25,33366.3125,1,4,1,TRUE
2023 05 09,12,13.5,33366.5,33366.5625,2.333,9,1,TRUE
2023 05 09,18,19.5,33366.75,33366.8125,1.667,6,1,TRUE
2023 05 10,0,1.5,33367,33367.0625,3.667,22,1,TRUE
2023 05 10,6,7.5,33367.25,33367.3125,2.667,12,1,TRUE
2023 05 10,12,13.5,33367.5,33367.5625,4.667,39,1,TRUE
2023 05 10,18,19.5,33367.75,33367.8125,2,7,1,TRUE
2023 05 11,0,1.5,33368,33368.0625,2.667,12,1,TRUE
2023 05 11,6,7.5,33368.25,33368.3125,2,7,1,TRUE
2023 05 11,12,13.5,33368.5,33368.5625,1.333,5,1,TRUE
2023 05 11,18,19.5,33368.75,33368.8125,2,7,1,TRUE
2023 05 12,0,1.5,33369,33369.0625,2.333,9,1,TRUE
2023 05 12,6,7.5,33369.25,33369.3125,3,15,1,TRUE
2023 05 12,12,13.5,33369.5,33369.5625,5.333,56,1,TRUE
2023 05 12,18,19.5,33369.75,33369.8125,2.667,12,1,TRUE
2023 05 13,0,1.5,33370,33370.0625,2.333,9,1,TRUE
2023 05 13,6,7.5,33370.25,33370.3125,2,7,1,TRUE
2023 05 13,12,13.5,33370.5,33370.5625,1.333,5,1,TRUE
2023 05 13,18,19.5,33370.75,33370.8125,3.667,22,1,TRUE
2023 05 14,0,1.5,33371,33371.0625,0.667,3,1,TRUE
2023 05 14,6,7.5,33371.25,33371.3125,0.667,3,1,TRUE
2023 05 14,12,13.5,33371.5,33371.5625,2,7,1,TRUE
2023 05 14,18,19.5,33371.75,33371.8125,3,15,1,TRUE
2023 05 15,0,1.5,33372,33372.0625,1,4,1,TRUE
2023 05 15,6,7.5,33372.25,33372.3125,0.333,2,1,TRUE
2023 05 15,12,13.5,33372.5,33372.5625,1,4,1,TRUE
2023 05 15,18,19.5,33372.75,33372.8125,2.667,12,1,TRUE
2023 05 16,0,1.5,33373,33373.0625,2.333,9,1,TRUE
2023 05 16,6,7.5,33373.25,33373.3125,2.667,12,1,TRUE
2023 05 16,12,13.5,33373.5,33373.5625,1.333,5,1,TRUE
2023 05 16,18,19.5,33373.75,33373.8125,1.667,6,1,TRUE
2023 05 17,0,1.5,33374,33374.0625,1,4,1,TRUE
2023 05 17,6,7.5,33374.25,33374.3125,0.333,2,1,TRUE
2023 05 17,12,13.5,33374.5,33374.5625,0.667,3,1,TRUE
2023 05 17,18,19.5,33374.75,33374.8125,0.667,3,1,TRUE
2023 05 18,0,1.5,33375,33375.0625,0.667,3,1,TRUE
2023 05 18,6,7.5,33375.25,33375.3125,0.333,2,1,TRUE
2023 05 18,12,13.5,33375.5,33375.5625,0.333,2,1,TRUE
2023 05 18,18,19.5,33375.75,33375.8125,0.333,2,1,TRUE
2023 05 19,0,1.5,33376,33376.0625,0.333,2,1,TRUE
2023 05 19,6,7.5,33376.25,33376.3125,0.333,2,1,TRUE
2023 05 19,12,13.5,33376.5,33376.5625,1,4,1,TRUE
2023 05 19,18,19.5,33376.75,33376.8125,3,15,1,TRUE
2023 05 20,0,1.5,33377,33377.0625,5.667,67,1,TRUE
2023 05 20,6,7.5,33377.25,33377.3125,4.667,39,1,TRUE
2023 05 20,12,13.5,33377.5,33377.5625,2.667,12,1,TRUE
2023 05 20,18,19.5,33377.75,33377.8125,3,15,1,TRUE
2023 05 21,0,1.5,33378,33378.0625,2.667,12,1,TRUE
2023 05 21,6,7.5,33378.25,33378.3125,1.333,5,1,TRUE
2023 05 21,12,13.5,33378.5,33378.5625,3,15,1,TRUE
2023 05 21,18,19.5,33378.75,33378.8125,5.667,67,1,TRUE
2023 05 22,0,1.5,33379,33379.0625,4.667,39,1,TRUE
2023 05 22,6,7.5,33379.25,33379.3125,2.667,12,1,TRUE
2023 05 22,12,13.5,33379.5,33379.5625,2.333,9,1,TRUE
2023 05 22,18,19.5,33379.75,33379.8125,4,27,1,TRUE
2023 05 23,0,1.5,33380,33380.0625,2.667,12,1,TRUE
2023 05 23,6,7.5,33380.25,33380.3125,2.667,12,1,TRUE
2023 05 23,12,13.5,33380.5,33380.5625,0.667,3,1,TRUE
2023 05 23,18,19.5,33380.75,33380.8125,3.333,18,1,TRUE
2023 05 24,0,1.5,33381,33381.0625,2,7,1,TRUE
2023 05 24,6,7.5,33381.25,33381.3125,1.333,5,1,TRUE
2023 05 24,12,13.5,33381.5,33381.5625,2.667,12,1,TRUE
2023 05 24,18,19.5,33381.75,33381.8125,3,15,1,TRUE
2023 05 25,0,1.5,33382,33382.0625,3,15,1,TRUE
2023 05 25,6,7.5,33382.25,33382.3125,3,15,1,TRUE
2023 05 25,12,13.5,33382.5,33382.5625,2,7,1,TRUE
2023 05 25,18,19.5,33382.75,33382.8125,3,15,1,TRUE
2023 05 26,0,1.5,33383,33383.0625,1.667,6,1,TRUE
2023 05 26,6,7.5,33383.25,33383.3125,1.333,5,1,TRUE
2023 05 26,12,13.5,33383.5,33383.5625,1,4,1,TRUE
2023 05 26,18,19.5,33383.75,33383.8125,1.333,5,1,TRUE
2023 05 27,0,1.5,33384,33384.0625,0.667,3,1,TRUE
2023 05 27,6,7.5,33384.25,33384.3125,0.667,3,1,TRUE
2023 05 27,12,13.5,33384.5,33384.5625,0.333,2,1,TRUE
2023 05 27,18,19.5,33384.75,33384.8125,1,4,1,TRUE
2023 05 28,0,1.5,33385,33385.0625,2.667,12,1,TRUE
2023 05 28,6,7.5,33385.25,33385.3125,2,7,1,TRUE
2023 05 28,12,13.5,33385.5,33385.5625,3,15,1,TRUE
2023 05 28,18,19.5,33385.75,33385.8125,1.667,6,1,TRUE
2023 05 29,0,1.5,33386,33386.0625,0.667,3,1,TRUE
2023 05 29,6,7.5,33386.25,33386.3125,0.333,2,1,TRUE
2023 05 29,12,13.5,33386.5,33386.5625,0.667,3,1,TRUE
2023 05 29,18,19.5,33386.75,33386.8125,1,4,1,TRUE
2023 05 30,0,1.5,33387,33387.0625,0.667,3,1,TRUE
2023 05 30,6,7.5,33387.25,33387.3125,0.667,3,1,TRUE
2023 05 30,12,13.5,33387.5,33387.5625,0.667,3,1,TRUE
2023 05 30,18,19.5,33387.75,33387.8125,1.333,5,1,TRUE
2023 05 31,0,1.5,33388,33388.0625,2.333,9,1,TRUE
2023 05 31,6,7.5,33388.25,33388.3125,2.333,9,1,TRUE
2023 05 31,12,13.5,33388.5,33388.5625,2.333,9,1,TRUE
2023 05 31,18,19.5,33388.75,33388.8125,2.333,9,1,TRUE
2023 06 01,0,1.5,33389,33389.0625,3.667,22,1,TRUE
2023 06 01,6,7.5,33389.25,33389.3125,3.667,22,1,TRUE
2023 06 01,12,13.5,33389.5,33389.5625,3,15,1,TRUE
2023 06 01,18,19.5,33389.75,33389.8125,2.333,9,1,TRUE
2023 06 02,0,1.5,33390,33390.0625,2,7,1,TRUE
2023 06 02,6,7.5,33390.25,33390.3125,1.333,5,1,TRUE
2023 06 02,12,13.5,33390.5,33390.5625,0.667,3,1,TRUE
2023 06 02,18,19.5,33390.75,33390.8125,1,4,1,TRUE
2023 06 03,0,1.5,33391,33391.0625,1,4,1,TRUE
2023 06 03,6,7.5,33391.25,33391.3125,0.667,3,1,TRUE
2023 06 03,12,13.5,33391.5,33391.5625,0.333,2,1,TRUE
2023 06 03,18,19.5,33391.75,33391.8125,0.667,3,1,TRUE
2023 06 04,0,1.5,33392,33392.0625,2,7,1,TRUE
2023 06 04,6,7.5,33392.25,33392.3125,2,7,1,TRUE
2023 06 04,12,13.5,33392.5,33392.5625,1.333,5,1,TRUE
2023 06 04,18,19.5,33392.75,33392.8125,4,27,1,TRUE
2023 06 05,0,1.5,33393,33393.0625,0.333,2,1,TRUE
2023 06 05,6,7.5,33393.25,33393.3125,1,4,1,TRUE
2023 06 05,12,13.5,33393.5,33393.5625,0.333,2,1,TRUE
2023 06 05,18,19.5,33393.75,33393.8125,1.667,6,1,TRUE
2023 06 06,0,1.5,33394,33394.0625,2.667,12,1,TRUE
2023 06 06,6,7.5,33394.25,33394.3125,1,4,1,TRUE
2023 06 06,12,13.5,33394.5,33394.5625,2,7,1,TRUE
2023 06 06,18,19.5,33394.75,33394.8125,0.667,3,1,TRUE
2023 06 07,0,1.5,33395,33395.0625,0.333,2,1,TRUE
2023 06 07,6,7.5,33395.25,33395.3125,0.333,2,1,TRUE
2023 06 07,12,13.5,33395.5,33395.5625,0.667,3,1,TRUE
2023 06 07,18,19.5,33395.75,33395.8125,0.667,3,1,TRUE
2023 06 08,0,1.5,33396,33396.0625,1.667,6,1,TRUE
2023 06 08,6,7.5,33396.25,33396.3125,1,4,1,TRUE
2023 06 08,12,13.5,33396.5,33396.5625,1.667,6,1,TRUE
2023 06 08,18,19.5,33396.75,33396.8125,1,4,1,TRUE
2023 06 09,0,1.5,33397,33397.0625,1,4,1,TRUE
2023 06 09,6,7.5,33397.25,33397.3125,0,0,1,TRUE
2023 06 09,12,13.5,33397.5,33397.5625,0,0,1,TRUE
2023 06 09,18,19.5,33397.75,33397.8125,1.667,6,1,TRUE
2023 06 10,0,1.5,33398,33398.0625,0.667,3,1,TRUE
2023 06 10,6,7.5,33398.25,33398.3125,0.333,2,1,TRUE
2023 06 10,12,13.5,33398.5,33398.5625,1.333,5,1,TRUE
2023 06 10,18,19.5,33398.75,33398.8125,1.333,5,1,TRUE
2023 06 11,0,1.5,33399,33399.0625,2.333,9,1,TRUE
2023 06 11,6,7.5,33399.25,33399.3125,2.333,9,1,TRUE
2023 06 11,12,13.5,33399.5,33399.5625,2,7,1,TRUE
2023 06 11,18,19.5,33399.75,33399.8125,1.667,6,1,TRUE
2023 06 12,0,1.5,33400,33400.0625,1.333,5,1,TRUE
2023 06 12,6,7.5,33400.25,33400.3125,1.333,5,1,TRUE
2023 06 12,12,13.5,33400.5,33400.5625,2.333,9,1,TRUE
2023 06 12,18,19.5,33400.75,33400.8125,1.333,5,1,TRUE
2023 06 13,0,1.5,33401,33401.0625,1,4,1,TRUE
2023 06 13,6,7.5,33401.25,33401.3125,1.333,5,1,TRUE
2023 06 13,12,13.5,33401.5,33401.5625,1.333,5,1,TRUE
2023 06 13,18,19.5,33401.75,33401.8125,0.667,3,1,TRUE
2023 06 14,0,1.5,33402,33402.0625,2.667,12,1,TRUE
2023 06 14,6,7.5,33402.25,33402.3125,0.333,2,1,TRUE
2023 06 14,12,13.5,33402.5,33402.5625,0.333,2,1,TRUE
2023 06 14,18,19.5,33402.75,33402.8125,0.333,2,1,TRUE
2023 06 15,0,1.5,33403,33403.0625,1.333,5,1,TRUE
2023 06 15,6,7.5,33403.25,33403.3125,1.333,5,1,TRUE
2023 06 15,12,13.5,33403.5,33403.5625,4.333,32,1,TRUE
2023 06 15,18,19.5,33403.75,33403.8125,5,48,1,TRUE
2023 06 16,0,1.5,33404,33404.0625,4.667,39,1,TRUE
2023 06 16,6,7.5,33404.25,33404.3125,4,27,1,TRUE
2023 06 16,12,13.5,33404.5,33404.5625,4,27,1,TRUE
2023 06 16,18,19.5,33404.75,33404.8125,2.667,12,1,TRUE
2023 06 17,0,1.5,33405,33405.0625,2.333,9,1,TRUE
2023 06 17,6,7.5,33405.25,33405.3125,2,7,1,TRUE
2023 06 17,12,13.5,33405.5,33405.5625,1.667,6,1,TRUE
2023 06 17,18,19.5,33405.75,33405.8125,2,7,1,TRUE
2023 06 18,0,1.5,33406,33406.0625,2.667,12,1,TRUE
2023 06 18,6,7.5,33406.25,33406.3125,1.333,5,1,TRUE
2023 06 18,12,13.5,33406.5,33406.5625,1.667,6,1,TRUE
2023 06 18,18,19.5,33406.75,33406.8125,3,15,1,TRUE
2023 06 19,0,1.5,33407,33407.0625,2.333,9,1,TRUE
2023 06 19,6,7.5,33407.25,33407.3125,1.667,6,1,TRUE
2023 06 19,12,13.5,33407.5,33407.5625,2.333,9,1,TRUE
2023 06 19,18,19.5,33407.75,33407.8125,3.333,18,1,TRUE
2023 06 20,0,1.5,33408,33408.0625,2.667,12,1,TRUE
2023 06 20,6,7.5,33408.25,33408.3125,1,4,1,TRUE
2023 06 20,12,13.5,33408.5,33408.5625,2,7,1,TRUE
2023 06 20,18,19.5,33408.75,33408.8125,1.667,6,1,TRUE
2023 06 21,0,1.5,33409,33409.0625,2,7,1,TRUE
2023 06 21,6,7.5,33409.25,33409.3125,1,4,1,TRUE
2023 06 21,12,13.5,33409.5,33409.5625,1,4,1,TRUE
2023 06 21,18,19.5,33409.75,33409.8125,1.333,5,1,TRUE
2023 06 22,0,1.5,33410,33410.0625,0.667,3,1,TRUE
2023 06 22,6,7.5,33410.25,33410.3125,2.667,12,1,TRUE
2023 06 22,12,13.5,33410.5,33410.5625,2.667,12,1,TRUE
2023 06 22,18,19.5,33410.75,33410.8125,2.333,9,1,TRUE
2023 06 23,0,1.5,33411,33411.0625,2.333,9,1,TRUE
2023 06 23,6,7.5,33411.25,33411.3125,1.333,5,1,TRUE
2023 06 23,12,13.5,33411.5,33411.5625,2,7,1,TRUE
2023 06 23,18,19.5,33411.75,33411.8125,2.333,9,1,TRUE
2023 06 24,0,1.5,33412,33412.0625,1.333,5,1,TRUE
2023 06 24,6,7.5,33412.25,33412.3125,3,15,1,TRUE
2023 06 24,12,13.5,33412.5,33412.5625,2.667,12,1,TRUE
2023 06 24,18,19.5,33412.75,33412.8125,3.667,22,1,TRUE
2023 06 25,0,1.5,33413,33413.0625,5,48,1,TRUE
2023 06 25,6,7.5,33413.25,33413.3125,1.667,6,1,TRUE
2023 06 25,12,13.5,33413.5,33413.5625,2.333,9,1,TRUE
2023 06 25,18,19.5,33413.75,33413.8125,3.333,18,1,TRUE
2023 06 26,0,1.5,33414,33414.0625,2,7,1,TRUE
2023 06 26,6,7.5,33414.25,33414.3125,2.333,9,1,TRUE
2023 06 26,12,13.5,33414.5,33414.5625,2.667,12,1,TRUE
2023 06 26,18,19.5,33414.75,33414.8125,2,7,1,TRUE
2023 06 27,0,1.5,33415,33415.0625,2.333,9,1,TRUE
2023 06 27,6,7.5,33415.25,33415.3125,2.333,9,1,TRUE
2023 06 27,12,13.5,33415.5,33415.5625,2,7,1,TRUE
2023 06 27,18,19.5,33415.75,33415.8125,1.667,6,1,TRUE
2023 06 28,0,1.5,33416,33416.0625,2,7,1,TRUE
2023 06 28,6,7.5,33416.25,33416.3125,1.333,5,1,TRUE
2023 06 28,12,13.5,33416.5,33416.5625,1.667,6,1,TRUE
2023 06 28,18,19.5,33416.75,33416.8125,2,7,1,TRUE
2023 06 29,0,1.5,33417,33417.0625,2.667,12,1,TRUE
2023 06 29,6,7.5,33417.25,33417.3125,3,15,1,TRUE
2023 06 29,12,13.5,33417.5,33417.5625,1.667,6,1,TRUE
2023 06 29,18,19.5,33417.75,33417.8125,3.667,22,1,TRUE
2023 06 30,0,1.5,33418,33418.0625,2.667,12,1,TRUE
2023 06 30,6,7.5,33418.25,33418.3125,1.667,6,1,TRUE
2023 06 30,12,13.5,33418.5,33418.5625,3,15,1,TRUE
2023 06 30,18,19.5,33418.75,33418.8125,0.333,2,1,TRUE
2023 07 01,0,1.5,33419,33419.0625,2,7,1,TRUE
2023 07 01,6,7.5,33419.25,33419.3125,0.667,3,1,TRUE
2023 07 01,12,13.5,33419.5,33419.5625,0.667,3,1,TRUE
2023 07 01,18,19.5,33419.75,33419.8125,1,4,1,TRUE
2023 07 02,0,1.5,33420,33420.0625,0.667,3,1,TRUE
2023 07 02,6,7.5,33420.25,33420.3125,0.667,3,1,TRUE
2023 07 02,12,13.5,33420.5,33420.5625,1.667,6,1,TRUE
2023 07 02,18,19.5,33420.75,33420.8125,0.333,2,1,TRUE
2023 07 03,0,1.5,33421,33421.0625,1.333,5,1,TRUE
2023 07 03,6,7.5,33421.25,33421.3125,0.667,3,1,TRUE
2023 07 03,12,13.5,33421.5,33421.5625,1,4,1,TRUE
2023 07 03,18,19.5,33421.75,33421.8125,0.667,3,1,TRUE
2023 07 04,0,1.5,33422,33422.0625,0.667,3,1,TRUE
2023 07 04,6,7.5,33422.25,33422.3125,0.667,3,1,TRUE
2023 07 04,12,13.5,33422.5,33422.5625,1,4,1,TRUE
2023 07 04,18,19.5,33422.75,33422.8125,0.667,3,1,TRUE
2023 07 05,0,1.5,33423,33423.0625,1.333,5,1,TRUE
2023 07 05,6,7.5,33423.25,33423.3125,0.333,2,1,TRUE
2023 07 05,12,13.5,33423.5,33423.5625,1.333,5,1,TRUE
2023 07 05,18,19.5,33423.75,33423.8125,1.667,6,1,TRUE
2023 07 06,0,1.5,33424,33424.0625,2,7,1,TRUE
2023 07 06,6,7.5,33424.25,33424.3125,1.667,6,1,TRUE
2023 07 06,12,13.5,33424.5,33424.5625,3,15,1,TRUE
2023 07 06,18,19.5,33424.75,33424.8125,1.667,6,1,TRUE
2023 07 07,0,1.5,33425,33425.0625,3,15,1,TRUE
2023 07 07,6,7.5,33425.25,33425.3125,3.667,22,1,TRUE
2023 07 07,12,13.5,33425.5,33425.5625,2.667,12,1,TRUE
2023 07 07,18,19.5,33425.75,33425.8125,3.667,22,1,TRUE
2023 07 08,0,1.5,33426,33426.0625,3.333,18,1,TRUE
2023 07 08,6,7.5,33426.25,33426.3125,1.333,5,1,TRUE
2023 07 08,12,13.5,33426.5,33426.5625,0.333,2,1,TRUE
2023 07 08,18,19.5,33426.75,33426.8125,1.333,5,1,TRUE
2023 07 09,0,1.5,33427,33427.0625,0,0,1,TRUE
2023 07 09,6,7.5,33427.25,33427.3125,0.333,2,1,TRUE
2023 07 09,12,13.5,33427.5,33427.5625,1,4,1,TRUE
2023 07 09,18,19.5,33427.75,33427.8125,0.667,3,1,TRUE
2023 07 10,0,1.5,33428,33428.0625,1,4,1,TRUE
2023 07 10,6,7.5,33428.25,33428.3125,0.333,2,1,TRUE
2023 07 10,12,13.5,33428.5,33428.5625,1.333,5,1,TRUE
2023 07 10,18,19.5,33428.75,33428.8125,1.333,5,1,TRUE
2023 07 11,0,1.5,33429,33429.0625,2,7,1,TRUE
2023 07 11,6,7.5,33429.25,33429.3125,2.667,12,1,TRUE
2023 07 11,12,13.5,33429.5,33429.5625,2,7,1,TRUE
2023 07 11,18,19.5,33429.75,33429.8125,1.667,6,1,TRUE
2023 07 12,0,1.5,33430,33430.0625,2,7,1,TRUE
2023 07 12,6,7.5,33430.25,33430.3125,1.333,5,1,TRUE
2023 07 12,12,13.5,33430.5,33430.5625,1.333,5,1,TRUE
2023 07 12,18,19.5,33430.75,33430.8125,2.333,9,1,TRUE
2023 07 13,0,1.5,33431,33431.0625,2,7,1,TRUE
2023 07 13,6,7.5,33431.25,33431.3125,1.333,5,1,TRUE
2023 07 13,12,13.5,33431.5,33431.5625,1.333,5,1,TRUE
2023 07 13,18,19.5,33431.75,33431.8125,2.333,9,1,TRUE
2023 07 14,0,1.5,33432,33432.0625,3,15,1,TRUE
2023 07 14,6,7.5,33432.25,33432.3125,3.333,18,1,TRUE
2023 07 14,12,13.5,33432.5,33432.5625,2.667,12,1,TRUE
2023 07 14,18,19.5,33432.75,33432.8125,4.667,39,1,TRUE
2023 07 15,0,1.5,33433,33433.0625,2.667,12,1,TRUE
2023 07 15,6,7.5,33433.25,33433.3125,1,4,1,TRUE
2023 07 15,12,13.5,33433.5,33433.5625,2.333,9,1,TRUE
2023 07 15,18,19.5,33433.75,33433.8125,0.667,3,1,TRUE
2023 07 16,0,1.5,33434,33434.0625,0.667,3,1,TRUE
2023 07 16,6,7.5,33434.25,33434.3125,0.333,2,1,TRUE
2023 07 16,12,13.5,33434.5,33434.5625,0.667,3,1,TRUE
2023 07 16,18,19.5,33434.75,33434.8125,3.333,18,1,TRUE
2023 07 17,0,1.5,33435,33435.0625,2.667,12,1,TRUE
2023 07 17,6,7.5,33435.25,33435.3125,4,27,1,TRUE
2023 07 17,12,13.5,33435.5,33435.5625,3,15,1,TRUE
2023 07 17,18,19.5,33435.75,33435.8125,4.667,39,1,TRUE
2023 07 18,0,1.5,33436,33436.0625,4.333,32,1,TRUE
2023 07 18,6,7.5,33436.25,33436.3125,2,7,1,TRUE
2023 07 18,12,13.5,33436.5,33436.5625,3.333,18,1,TRUE
2023 07 18,18,19.5,33436.75,33436.8125,3.667,22,1,TRUE
2023 07 19,0,1.5,33437,33437.0625,0.667,3,1,TRUE
2023 07 19,6,7.5,33437.25,33437.3125,1.333,5,1,TRUE
2023 07 19,12,13.5,33437.5,33437.5625,1.333,5,1,TRUE
2023 07 19,18,19.5,33437.75,33437.8125,0.667,3,1,TRUE
2023 07 20,0,1.5,33438,33438.0625,0.667,3,1,TRUE
2023 07 20,6,7.5,33438.25,33438.3125,0.667,3,1,TRUE
2023 07 20,12,13.5,33438.5,33438.5625,1.333,5,1,TRUE
2023 07 20,18,19.5,33438.75,33438.8125,3.667,22,1,TRUE
2023 07 21,0,1.5,33439,33439.0625,2.333,9,1,TRUE
2023 07 21,6,7.5,33439.25,33439.3125,1.667,6,1,TRUE
2023 07 21,12,13.5,33439.5,33439.5625,1,4,1,TRUE
2023 07 21,18,19.5,33439.75,33439.8125,2.333,9,1,TRUE
2023 07 22,0,1.5,33440,33440.0625,3,15,1,TRUE
2023 07 22,6,7.5,33440.25,33440.3125,2.333,9,1,TRUE
2023 07 22,12,13.5,33440.5,33440.5625,1.667,6,1,TRUE
2023 07 22,18,19.5,33440.75,33440.8125,1,4,1,TRUE
2023 07 23,0,1.5,33441,33441.0625,0.333,2,1,TRUE
2023 07 23,6,7.5,33441.25,33441.3125,1.333,5,1,TRUE
2023 07 23,12,13.5,33441.5,33441.5625,1.667,6,1,TRUE
2023 07 23,18,19.5,33441.75,33441.8125,2.333,9,1,TRUE
2023 07 24,0,1.5,33442,33442.0625,2.333,9,1,TRUE
2023 07 24,6,7.5,33442.25,33442.3125,0.667,3,1,TRUE
2023 07 24,12,13.5,33442.5,33442.5625,1.667,6,1,TRUE
2023 07 24,18,19.5,33442.75,33442.8125,1.667,6,1,TRUE
2023 07 25,0,1.5,33443,33443.0625,1,4,1,TRUE
2023 07 25,6,7.5,33443.25,33443.3125,1.667,6,1,TRUE
2023 07 25,12,13.5,33443.5,33443.5625,2,7,1,TRUE
2023 07 25,18,19.5,33443.75,33443.8125,2.333,9,1,TRUE
2023 07 26,0,1.5,33444,33444.0625,3.333,18,1,TRUE
2023 07 26,6,7.5,33444.25,33444.3125,4,27,1,TRUE
2023 07 26,12,13.5,33444.5,33444.5625,3,15,1,TRUE
2023 07 26,18,19.5,33444.75,33444.8125,2.667,12,1,TRUE
2023 07 27,0,1.5,33445,33445.0625,2,7,1,TRUE
2023 07 27,6,7.5,33445.25,33445.3125,1.333,5,1,TRUE
2023 07 27,12,13.5,33445.5,33445.5625,1,4,1,TRUE
2023 07 27,18,19.5,33445.75,33445.8125,1.667,6,1,TRUE
2023 07 28,0,1.5,33446,33446.0625,0.333,2,1,TRUE
2023 07 28,6,7.5,33446.25,33446.3125,0.333,2,1,TRUE
2023 07 28,12,13.5,33446.5,33446.5625,2,7,1,TRUE
2023 07 28,18,19.5,33446.75,33446.8125,2.333,9,1,TRUE
2023 07 29,0,1.5,33447,33447.0625,2,7,1,TRUE
2023 07 29,6,7.5,33447.25,33447.3125,0.333,2,1,TRUE
2023 07 29,12,13.5,33447.5,33447.5625,3,15,1,TRUE
2023 07 29,18,19.5,33447.75,33447.8125,2.333,9,1,TRUE
2023 07 30,0,1.5,33448,33448.0625,0.667,3,1,TRUE
2023 07 30,6,7.5,33448.25,33448.3125,1.333,5,1,TRUE
2023 07 30,12,13.5,33448.5,33448.5625,2.667,12,1,TRUE
2023 07 30,18,19.5,33448.75,33448.8125,2,7,1,TRUE
2023 07 31,0,1.5,33449,33449.0625,1,4,1,TRUE
2023 07 31,6,7.5,33449.25,33449.3125,1.667,6,1,TRUE
2023 07 31,12,13.5,33449.5,33449.5625,2,7,1,TRUE
2023 07 31,18,19.5,33449.75,33449.8125,0.667,3,1,TRUE
2023 08 01,0,1.5,33450,33450.0625,2,7,1,TRUE
2023 08 01,6,7.5,33450.25,33450.3125,0.667,3,1,TRUE
2023 08 01,12,13.5,33450.5,33450.5625,3,15,1,TRUE
2023 08 01,18,19.5,33450.75,33450.8125,2.333,9,1,TRUE
2023 08 02,0,1.5,33451,33451.0625,1.667,6,1,TRUE
2023 08 02,6,7.5,33451.25,33451.3125,1,4,1,TRUE
2023 08 02,12,13.5,33451.5,33451.5625,4,27,1,TRUE
2023 08 02,18,19.5,33451.75,33451.8125,2,7,1,TRUE
2023 08 03,0,1.5,33452,33452.0625,1.333,5,1,TRUE
2023 08 03,6,7.5,33452.25,33452.3125,1.333,5,1,TRUE
2023 08 03,12,13.5,33452.5,33452.5625,1.667,6,1,TRUE
2023 08 03,18,19.5,33452.75,33452.8125,0.333,2,1,TRUE
2023 08 04,0,1.5,33453,33453.0625,0,0,1,TRUE
2023 08 04,6,7.5,33453.25,33453.3125,1.333,5,1,TRUE
2023 08 04,12,13.5,33453.5,33453.5625,2.667,12,1,TRUE
2023 08 04,18,19.5,33453.75,33453.8125,4,27,1,TRUE
2023 08 05,0,1.5,33454,33454.0625,5,48,1,TRUE
2023 08 05,6,7.5,33454.25,33454.3125,5.333,56,1,TRUE
2023 08 05,12,13.5,33454.5,33454.5625,3.333,18,1,TRUE
2023 08 05,18,19.5,33454.75,33454.8125,0.667,3,1,TRUE
2023 08 06,0,1.5,33455,33455.0625,0,0,1,TRUE
2023 08 06,6,7.5,33455.25,33455.3125,0,0,1,TRUE
2023 08 06,12,13.5,33455.5,33455.5625,0.333,2,1,TRUE
2023 08 06,18,19.5,33455.75,33455.8125,1,4,1,TRUE
2023 08 07,0,1.5,33456,33456.0625,3,15,1,TRUE
2023 08 07,6,7.5,33456.25,33456.3125,0.333,2,1,TRUE
2023 08 07,12,13.5,33456.5,33456.5625,2,7,1,TRUE
2023 08 07,18,19.5,33456.75,33456.8125,2.667,12,1,TRUE
2023 08 08,0,1.5,33457,33457.0625,4,27,1,TRUE
2023 08 08,6,7.5,33457.25,33457.3125,0.667,3,1,TRUE
2023 08 08,12,13.5,33457.5,33457.5625,1,4,1,TRUE
2023 08 08,18,19.5,33457.75,33457.8125,1.333,5,1,TRUE
2023 08 09,0,1.5,33458,33458.0625,1.667,6,1,TRUE
2023 08 09,6,7.5,33458.25,33458.3125,1.333,5,1,TRUE
2023 08 09,12,13.5,33458.5,33458.5625,2,7,1,TRUE
2023 08 09,18,19.5,33458.75,33458.8125,1.667,6,1,TRUE
2023 08 10,0,1.5,33459,33459.0625,1.667,6,1,TRUE
2023 08 10,6,7.5,33459.25,33459.3125,1,4,1,TRUE
2023 08 10,12,13.5,33459.5,33459.5625,1.333,5,1,TRUE
2023 08 10,18,19.5,33459.75,33459.8125,1.333,5,1,TRUE
2023 08 11,0,1.5,33460,33460.0625,1,4,1,TRUE
2023 08 11,6,7.5,33460.25,33460.3125,0.667,3,1,TRUE
2023 08 11,12,13.5,33460.5,33460.5625,1,4,1,TRUE
2023 08 11,18,19.5,33460.75,33460.8125,0.667,3,1,TRUE
2023 08 12,0,1.5,33461,33461.0625,1.667,6,1,TRUE
2023 08 12,6,7.5,33461.25,33461.3125,2,7,1,TRUE
2023 08 12,12,13.5,33461.5,33461.5625,1.333,5,1,TRUE
2023 08 12,18,19.5,33461.75,33461.8125,2,7,1,TRUE
2023 08 13,0,1.5,33462,33462.0625,2,7,1,TRUE
2023 08 13,6,7.5,33462.25,33462.3125,0.667,3,1,TRUE
2023 08 13,12,13.5,33462.5,33462.5625,1,4,1,TRUE
2023 08 13,18,19.5,33462.75,33462.8125,0.667,3,1,TRUE
2023 08 14,0,1.5,33463,33463.0625,1.333,5,1,TRUE
2023 08 14,6,7.5,33463.25,33463.3125,0.333,2,1,TRUE
2023 08 14,12,13.5,33463.5,33463.5625,1.333,5,1,TRUE
2023 08 14,18,19.5,33463.75,33463.8125,1.333,5,1,TRUE
2023 08 15,0,1.5,33464,33464.0625,0.333,2,1,TRUE
2023 08 15,6,7.5,33464.25,33464.3125,0.333,2,1,TRUE
2023 08 15,12,13.5,33464.5,33464.5625,1,4,1,TRUE
2023 08 15,18,19.5,33464.75,33464.8125,1,4,1,TRUE
2023 08 16,0,1.5,33465,33465.0625,1.667,6,1,TRUE
2023 08 16,6,7.5,33465.25,33465.3125,0.333,2,1,TRUE
2023 08 16,12,13.5,33465.5,33465.5625,2.667,12,1,TRUE
2023 08 16,18,19.5,33465.75,33465.8125,1.667,6,1,TRUE
2023 08 17,0,1.5,33466,33466.0625,2.333,9,1,TRUE
2023 08 17,6,7.5,33466.25,33466.3125,2,7,1,TRUE
2023 08 17,12,13.5,33466.5,33466.5625,1.667,6,1,TRUE
2023 08 17,18,19.5,33466.75,33466.8125,1.333,5,1,TRUE
2023 08 18,0,1.5,33467,33467.0625,2,7,1,TRUE
2023 08 18,6,7.5,33467.25,33467.3125,3,15,1,TRUE
2023 08 18,12,13.5,33467.5,33467.5625,1.333,5,1,TRUE
2023 08 18,18,19.5,33467.75,33467.8125,2.333,9,1,TRUE
2023 08 19,0,1.5,33468,33468.0625,2.333,9,1,TRUE
2023 08 19,6,7.5,33468.25,33468.3125,1,4,1,TRUE
2023 08 19,12,13.5,33468.5,33468.5625,1.333,5,1,TRUE
2023 08 19,18,19.5,33468.75,33468.8125,3,15,1,TRUE
2023 08 20,0,1.5,33469,33469.0625,3.333,18,1,TRUE
2023 08 20,6,7.5,33469.25,33469.3125,1.333,5,1,TRUE
2023 08 20,12,13.5,33469.5,33469.5625,1,4,1,TRUE
2023 08 20,18,19.5,33469.75,33469.8125,2,7,1,TRUE
2023 08 21,0,1.5,33470,33470.0625,2,7,1,TRUE
2023 08 21,6,7.5,33470.25,33470.3125,2.667,12,1,TRUE
2023 08 21,12,13.5,33470.5,33470.5625,2.667,12,1,TRUE
2023 08 21,18,19.5,33470.75,33470.8125,2,7,1,TRUE
2023 08 22,0,1.5,33471,33471.0625,2.333,9,1,TRUE
2023 08 22,6,7.5,33471.25,33471.3125,2,7,1,TRUE
2023 08 22,12,13.5,33471.5,33471.5625,1.333,5,1,TRUE
2023 08 22,18,19.5,33471.75,33471.8125,0.667,3,1,TRUE
2023 08 23,0,1.5,33472,33472.0625,1,4,1,TRUE
2023 08 23,6,7.5,33472.25,33472.3125,0.333,2,1,TRUE
2023 08 23,12,13.5,33472.5,33472.5625,0.333,2,1,TRUE
2023 08 23,18,19.5,33472.75,33472.8125,0.667,3,1,TRUE
2023 08 24,0,1.5,33473,33473.0625,0,0,1,TRUE
2023 08 24,6,7.5,33473.25,33473.3125,0.667,3,1,TRUE
2023 08 24,12,13.5,33473.5,33473.5625,1.667,6,1,TRUE
2023 08 24,18,19.5,33473.75,33473.8125,3,15,1,TRUE
2023 08 25,0,1.5,33474,33474.0625,2,7,1,TRUE
2023 08 25,6,7.5,33474.25,33474.3125,0.333,2,1,TRUE
2023 08 25,12,13.5,33474.5,33474.5625,1,4,1,TRUE
2023 08 25,18,19.5,33474.75,33474.8125,0.667,3,1,TRUE
2023 08 26,0,1.5,33475,33475.0625,1.333,5,1,TRUE
2023 08 26,6,7.5,33475.25,33475.3125,2,7,1,TRUE
2023 08 26,12,13.5,33475.5,33475.5625,1.667,6,1,TRUE
2023 08 26,18,19.5,33475.75,33475.8125,1.333,5,1,TRUE
2023 08 27,0,1.5,33476,33476.0625,3.333,18,1,TRUE
2023 08 27,6,7.5,33476.25,33476.3125,2.333,9,1,TRUE
2023 08 27,12,13.5,33476.5,33476.5625,1.667,6,1,TRUE
2023 08 27,18,19.5,33476.75,33476.8125,2.333,9,1,TRUE
2023 08 28,0,1.5,33477,33477.0625,1.333,5,1,TRUE
2023 08 28,6,7.5,33477.25,33477.3125,1.667,6,1,TRUE
2023 08 28,12,13.5,33477.5,33477.5625,1.333,5,1,TRUE
2023 08 28,18,19.5,33477.75,33477.8125,2,7,1,TRUE
2023 08 29,0,1.5,33478,33478.0625,0,0,1,TRUE
2023 08 29,6,7.5,33478.25,33478.3125,0.333,2,1,TRUE
2023 08 29,12,13.5,33478.5,33478.5625,2,7,1,TRUE
2023 08 29,18,19.5,33478.75,33478.8125,1,4,1,TRUE
2023 08 30,0,1.5,33479,33479.0625,2,7,1,TRUE
2023 08 30,6,7.5,33479.25,33479.3125,1,4,1,TRUE
2023 08 30,12,13.5,33479.5,33479.5625,2,7,1,TRUE
2023 08 30,18,19.5,33479.75,33479.8125,1.333,5,1,TRUE
2023 08 31,0,1.5,33480,33480.0625,0.667,3,1,TRUE
2023 08 31,6,7.5,33480.25,33480.3125,1.667,6,1,TRUE
2023 08 31,12,13.5,33480.5,33480.5625,1,4,1,TRUE
2023 08 31,18,19.5,33480.75,33480.8125,2,7,1,TRUE
2023 09 01,0,1.5,33481,33481.0625,2.667,12,1,TRUE
2023 09 01,6,7.5,33481.25,33481.3125,2.667,12,1,TRUE
2023 09 01,12,13.5,33481.5,33481.5625,3.333,18,1,TRUE
2023 09 01,18,19.5,33481.75,33481.8125,2.667,12,1,TRUE
2023 09 02,0,1.5,33482,33482.0625,3.333,18,1,TRUE
2023 09 02,6,7.5,33482.25,33482.3125,4.667,39,1,TRUE
2023 09 02,12,13.5,33482.5,33482.5625,5,48,1,TRUE
2023 09 02,18,19.5,33482.75,33482.8125,4.333,32,1,TRUE
2023 09 03,0,1.5,33483,33483.0625,5.333,56,1,TRUE
2023 09 03,6,7.5,33483.25,33483.3125,4.333,32,1,TRUE
2023 09 03,12,13.5,33483.5,33483.5625,3.333,18,1,TRUE
2023 09 03,18,19.5,33483.75,33483.8125,1.333,5,1,TRUE
2023 09 04,0,1.5,33484,33484.0625,2.667,12,1,TRUE
2023 09 04,6,7.5,33484.25,33484.3125,1,4,1,TRUE
2023 09 04,12,13.5,33484.5,33484.5625,1.333,5,1,TRUE
2023 09 04,18,19.5,33484.75,33484.8125,2,7,1,TRUE
2023 09 05,0,1.5,33485,33485.0625,0.667,3,1,TRUE
2023 09 05,6,7.5,33485.25,33485.3125,0.333,2,1,TRUE
2023 09 05,12,13.5,33485.5,33485.5625,1.667,6,1,TRUE
2023 09 05,18,19.5,33485.75,33485.8125,3.667,22,1,TRUE
2023 09 06,0,1.5,33486,33486.0625,1.667,6,1,TRUE
2023 09 06,6,7.5,33486.25,33486.3125,2,7,1,TRUE
2023 09 06,12,13.5,33486.5,33486.5625,3.333,18,1,TRUE
2023 09 06,18,19.5,33486.75,33486.8125,0.667,3,1,TRUE
2023 09 07,0,1.5,33487,33487.0625,2,7,1,TRUE
2023 09 07,6,7.5,33487.25,33487.3125,0.667,3,1,TRUE
2023 09 07,12,13.5,33487.5,33487.5625,1.667,6,1,TRUE
2023 09 07,18,19.5,33487.75,33487.8125,1.333,5,1,TRUE
2023 09 08,0,1.5,33488,33488.0625,2.667,12,1,TRUE
2023 09 08,6,7.5,33488.25,33488.3125,0,0,1,TRUE
2023 09 08,12,13.5,33488.5,33488.5625,1.333,5,1,TRUE
2023 09 08,18,19.5,33488.75,33488.8125,1.333,5,1,TRUE
2023 09 09,0,1.5,33489,33489.0625,2.667,12,1,TRUE
2023 09 09,6,7.5,33489.25,33489.3125,1.333,5,1,TRUE
2023 09 09,12,13.5,33489.5,33489.5625,2.667,12,1,TRUE
2023 09 09,18,19.5,33489.75,33489.8125,0.667,3,1,TRUE
2023 09 10,0,1.5,33490,33490.0625,1,4,1,TRUE
2023 09 10,6,7.5,33490.25,33490.3125,0,0,1,TRUE
2023 09 10,12,13.5,33490.5,33490.5625,0,0,1,TRUE
2023 09 10,18,19.5,33490.75,33490.8125,0.667,3,1,TRUE
2023 09 11,0,1.5,33491,33491.0625,1,4,1,TRUE
2023 09 11,6,7.5,33491.25,33491.3125,0.667,3,1,TRUE
2023 09 11,12,13.5,33491.5,33491.5625,1.667,6,1,TRUE
2023 09 11,18,19.5,33491.75,33491.8125,1.333,5,1,TRUE
2023 09 12,0,1.5,33492,33492.0625,0.667,3,1,TRUE
2023 09 12,6,7.5,33492.25,33492.3125,0.667,3,1,TRUE
2023 09 12,12,13.5,33492.5,33492.5625,5.333,56,1,TRUE
2023 09 12,18,19.5,33492.75,33492.8125,3.667,22,1,TRUE
2023 09 13,0,1.5,33493,33493.0625,4.667,39,1,TRUE
2023 09 13,6,7.5,33493.25,33493.3125,2.333,9,1,TRUE
2023 09 13,12,13.5,33493.5,33493.5625,2.667,12,1,TRUE
2023 09 13,18,19.5,33493.75,33493.8125,1.667,6,1,TRUE
2023 09 14,0,1.5,33494,33494.0625,4.333,32,1,TRUE
2023 09 14,6,7.5,33494.25,33494.3125,3,15,1,TRUE
2023 09 14,12,13.5,33494.5,33494.5625,1.667,6,1,TRUE
2023 09 14,18,19.5,33494.75,33494.8125,4,27,1,TRUE
2023 09 15,0,1.5,33495,33495.0625,2,7,1,TRUE
2023 09 15,6,7.5,33495.25,33495.3125,0.667,3,1,TRUE
2023 09 15,12,13.5,33495.5,33495.5625,1.667,6,1,TRUE
2023 09 15,18,19.5,33495.75,33495.8125,1.333,5,1,TRUE
2023 09 16,0,1.5,33496,33496.0625,1.333,5,1,TRUE
2023 09 16,6,7.5,33496.25,33496.3125,0.667,3,1,TRUE
2023 09 16,12,13.5,33496.5,33496.5625,0.333,2,1,TRUE
2023 09 16,18,19.5,33496.75,33496.8125,3,15,1,TRUE
2023 09 17,0,1.5,33497,33497.0625,3.333,18,1,TRUE
2023 09 17,6,7.5,33497.25,33497.3125,2.333,9,1,TRUE
2023 09 17,12,13.5,33497.5,33497.5625,2.667,12,1,TRUE
2023 09 17,18,19.5,33497.75,33497.8125,3.333,18,1,TRUE
2023 09 18,0,1.5,33498,33498.0625,4.333,32,1,TRUE
2023 09 18,6,7.5,33498.25,33498.3125,3,15,1,TRUE
2023 09 18,12,13.5,33498.5,33498.5625,4.667,39,1,TRUE
2023 09 18,18,19.5,33498.75,33498.8125,5,48,1,TRUE
2023 09 19,0,1.5,33499,33499.0625,5.333,56,1,TRUE
2023 09 19,6,7.5,33499.25,33499.3125,4.667,39,1,TRUE
2023 09 19,12,13.5,33499.5,33499.5625,6,80,1,TRUE
2023 09 19,18,19.5,33499.75,33499.8125,3.667,22,1,TRUE
2023 09 20,0,1.5,33500,33500.0625,3.667,22,1,TRUE
2023 09 20,6,7.5,33500.25,33500.3125,3.333,18,1,TRUE
2023 09 20,12,13.5,33500.5,33500.5625,2,7,1,TRUE
2023 09 20,18,19.5,33500.75,33500.8125,3,15,1,TRUE
2023 09 21,0,1.5,33501,33501.0625,2.333,9,1,TRUE
2023 09 21,6,7.5,33501.25,33501.3125,2,7,1,TRUE
2023 09 21,12,13.5,33501.5,33501.5625,2,7,1,TRUE
2023 09 21,18,19.5,33501.75,33501.8125,1.667,6,1,TRUE
2023 09 22,0,1.5,33502,33502.0625,1.667,6,1,TRUE
2023 09 22,6,7.5,33502.25,33502.3125,2,7,1,TRUE
2023 09 22,12,13.5,33502.5,33502.5625,2,7,1,TRUE
2023 09 22,18,19.5,33502.75,33502.8125,1.667,6,1,TRUE
2023 09 23,0,1.5,33503,33503.0625,2.667,12,1,TRUE
2023 09 23,6,7.5,33503.25,33503.3125,1.333,5,1,TRUE
2023 09 23,12,13.5,33503.5,33503.5625,2,7,1,TRUE
2023 09 23,18,19.5,33503.75,33503.8125,2,7,1,TRUE
2023 09 24,0,1.5,33504,33504.0625,2,7,1,TRUE
2023 09 24,6,7.5,33504.25,33504.3125,2,7,1,TRUE
2023 09 24,12,13.5,33504.5,33504.5625,1,4,1,TRUE
2023 09 24,18,19.5,33504.75,33504.8125,5.667,67,1,TRUE
2023 09 25,0,1.5,33505,33505.0625,5.333,56,1,TRUE
2023 09 25,6,7.5,33505.25,33505.3125,4,27,1,TRUE
2023 09 25,12,13.5,33505.5,33505.5625,3.333,18,1,TRUE
2023 09 25,18,19.5,33505.75,33505.8125,2.333,9,1,TRUE
2023 09 26,0,1.5,33506,33506.0625,3,15,1,TRUE
2023 09 26,6,7.5,33506.25,33506.3125,4.667,39,1,TRUE
2023 09 26,12,13.5,33506.5,33506.5625,5,48,1,TRUE
2023 09 26,18,19.5,33506.75,33506.8125,3.333,18,1,TRUE
2023 09 27,0,1.5,33507,33507.0625,3.667,22,1,TRUE
2023 09 27,6,7.5,33507.25,33507.3125,3.333,18,1,TRUE
2023 09 27,12,13.5,33507.5,33507.5625,2.667,12,1,TRUE
2023 09 27,18,19.5,33507.75,33507.8125,2,7,1,TRUE
2023 09 28,0,1.5,33508,33508.0625,1.667,6,1,TRUE
2023 09 28,6,7.5,33508.25,33508.3125,0.333,2,1,TRUE
2023 09 28,12,13.5,33508.5,33508.5625,0.667,3,1,TRUE
2023 09 28,18,19.5,33508.75,33508.8125,0,0,1,TRUE
2023 09 29,0,1.5,33509,33509.0625,2,7,1,TRUE
2023 09 29,6,7.5,33509.25,33509.3125,3.667,22,1,TRUE
2023 09 29,12,13.5,33509.5,33509.5625,2.667,12,1,TRUE
2023 09 29,18,19.5,33509.75,33509.8125,0.667,3,1,TRUE
2023 09 30,0,1.5,33510,33510.0625,1.333,5,1,TRUE
2023 09 30,6,7.5,33510.25,33510.3125,2.333,9,1,TRUE
2023 09 30,12,13.5,33510.5,33510.5625,2.333,9,1,TRUE
2023 09 30,18,19.5,33510.75,33510.8125,2.333,9,1,TRUE
2023 10 01,0,1.5,33511,33511.0625,3.667,22,0,TRUE
2023 10 01,6,7.5,33511.25,33511.3125,2,7,0,TRUE
2023 10 01,12,13.5,33511.5,33511.5625,1.667,6,0,TRUE
2023 10 01,18,19.5,33511.75,33511.8125,1.667,6,0,TRUE
2023 10 02,0,1.5,33512,33512.0625,3,15,0,TRUE
2023 10 02,6,7.5,33512.25,33512.3125,1,4,0,TRUE
2023 10 02,12,13.5,33512.5,33512.5625,1.667,6,0,TRUE
2023 10 02,18,19.5,33512.75,33512.8125,1.333,5,0,TRUE
2023 10 03,0,1.5,33513,33513.0625,1,4,0,TRUE
2023 10 03,6,7.5,33513.25,33513.3125,1.333,5,0,TRUE
2023 10 03,12,13.5,33513.5,33513.5625,2,7,0,TRUE
2023 10 03,18,19.5,33513.75,33513.8125,2,7,0,TRUE
2023 10 04,0,1.5,33514,33514.0625,3,15,0,TRUE
2023 10 04,6,7.5,33514.25,33514.3125,2.333,9,0,TRUE
2023 10 04,12,13.5,33514.5,33514.5625,1.667,6,0,TRUE
2023 10 04,18,19.5,33514.75,33514.8125,2,7,0,TRUE
